id,title,type,year,genre
59404,Apaföld,Movie,2009,Drama
59405,Rózsaszín sajt,Movie,2009,Drama
59406,Sanam Teri Kasam,Movie,2009,Drama
59407,Twice as Dead,Movie,2009,Drama
59408,Railed,Movie,2009,Drama
59409,Coraline,Movie,2009,Drama
59410,Mitsein,Movie,2009,Drama
59411,Blood and Bone,Movie,2009,Drama
59412,Inglourious Basterds,Movie,2009,Drama
59413,The Box,Movie,2009,Drama
59444,I Miss Sonia Henie,Short,2009,Comedy
59446,El reino de los cielos,Movie,2009,Comedy
59447,Unter Strom,Movie,2009,Comedy
59449,Chinango,Movie,2009,Comedy
59450,Mutant Swinger from Mars,Video,2009,Comedy
59451,Los muertos van deprisa,Movie,2009,Comedy
59452,Two-Minute Heist,Movie,2009,Comedy
59453,Astro Boy,Movie,2009,Comedy
59487,Whiteout,Movie,2009,Action
59488,Sterling: The Secret of the Lost Medallion,Movie,2009,Action
59490,Watchmen,Movie,2009,Action
59491,Harry Potter en de halfbloed prins,Movie,2009,Action
59492,The Haunted World of El Superbeasto,Video,2009,Action
59493,Royal Kill,Movie,2009,Action
59524,The Magic Stone,Movie,2009,Fantasy
59527,Malice in Wonderland,Movie,2009,Fantasy
59529,The Lovely Bones,Movie,2009,Fantasy
59530,Skellig,TV Movie,2009,Fantasy
59531,Max en de maximonsters,Movie,2009,Fantasy
59532,Proinhibition,Short,2009,Fantasy
59533,The Dream of Alvareen,Video,2009,Fantasy
59564,T.M.A.,Movie,2009,Horror
59565,El libro de piedra,Movie,2009,Horror
59566,Possession,Movie,2009,Horror
59568,It Came from Trafalgar,Movie,2009,Horror
59569,Cabeza de pescado,Movie,2009,Horror
59570,Silo Killer 2: The Wrath of Kyle,Video,2009,Horror
59571,Daybreakers,Movie,2009,Horror
59572,Cabras,Movie,2009,Horror
59573,Town Creek,Movie,2009,Horror
59604,Moonlight Blade,Movie,2009,Mystery
59611,Cargo,Movie,2009,Mystery
59645,House of Boys,Movie,2009,Romance
59646,Youth in Revolt,Movie,2009,Romance
59647,Utolsó jelentés Annáról,Movie,2009,Romance
59649,The Perfect Sleep,Movie,2009,Romance
59650,AmerAsian,Movie,2009,Romance
59651,Why George?,Movie,2009,Romance
59652,Kisse Pyaar Karoon?,Movie,2009,Romance
59653,Yesterday Was a Lie,Movie,2009,Romance
59693,1,Movie,2009,Thriller
59724,Pál Adrienn,Movie,2010,Drama
59725,Oda az igazság,Movie,2010,Drama
59726,A zöld sárkány gyermekei,Movie,2010,Drama
59727,Flexing with Monty,Video,2010,Drama
59728,The Final Journey,Movie,2010,Drama
59729,In My Sleep,Movie,2010,Drama
59730,This Wretched Life,Movie,2010,Drama
59731,Blind Sided,Movie,2010,Drama
59732,Death of a Nation,Short,2010,Drama
59733,The Pacific,TV Mini Series,2010,Drama
59767,Anderson's Cross,Movie,2010,Comedy
59768,Rapunzel,Movie,2010,Comedy
59769,Venus & Vegas,Movie,2010,Comedy
59770,Dinner for Schmucks,Movie,2010,Comedy
59771,Toy Story 3,Movie,2010,Comedy
59772,Diary of a Bad Lad,Movie,2010,Comedy
59773,Scott Pilgrim vs. the World,Movie,2010,Comedy
59805,Young Alexander the Great,Video,2010,Action
59806,Tekken,Movie,2010,Action
59808,The A-Team,Movie,2010,Action
59809,Segurança Nacional,Movie,2010,Action
59811,Taken by Force,Movie,2010,Action
59812,"Guns, Drugs and Dirty Money",Movie,2010,Action
59813,Komaram Puli,Movie,2010,Action
59845,Dormir al sol,Movie,2010,Fantasy
59848,Piranha 3D,Movie,2010,Fantasy
59849,Prince of Persia: The Sands of Time,Movie,2010,Fantasy
59850,El horror de la dama del lago,Movie,2010,Fantasy
59851,Ramona and Beezus,Movie,2010,Fantasy
59852,Tranced,Movie,2010,Fantasy
59853,The Legend of Secret Pass,Movie,2010,Fantasy
59885,The Devil Inside,Movie,2010,Horror
59886,Les 7 jours du talion,Movie,2010,Horror
59887,The Crazies,Movie,2010,Horror
59888,Satan Hates You,Movie,2010,Horror
59890,Alan Wake,Video Game,2010,Horror
59892,Perfect Life,Movie,2010,Horror
59893,The Invited,Movie,2010,Horror
59927,Disconnect,Movie,2010,Mystery
59930,The Losers,Movie,2010,Mystery
59931,Darkstar: The Interactive Movie,Video Game,2010,Mystery
59932,My Soul to Take,Movie,2010,Mystery
59933,Psych:9,Movie,2010,Mystery
59966,"Cargo, les hommes perdus.",Movie,2010,Romance
59967,Milenge Milenge,Movie,2010,Romance
59970,Barry Munday,Movie,2010,Romance
59971,Bandeiji,Movie,2010,Romance
59973,Episode dated 28 November 2010,TV Episode,2010,Romance
60011,Federal,Movie,2010,Thriller
60044,Az ember tragédiája,Movie,2011,Drama
60045,Los pájaros se van con la muerte,Movie,2011,Drama
60046,Mit doppeltem Boden,TV Episode,2011,Drama
60047,Lives No Longer Ours,Movie,2011,Drama
60048,The Wicker Tree,Movie,2011,Drama
60049,Spy,Movie,2011,Drama
60050,The Rum Diary,Movie,2011,Drama
60051,The Crimson Petal and the White,TV Mini Series,2011,Drama
60052,11:11,Video,2011,Drama
60053,Bubbles,Movie,2011,Drama
60085,Duke Nukem Forever,Video Game,2011,Comedy
60087,Gnomeo & Juliet,Movie,2011,Comedy
60088,Seven Fallen Objects,Movie,2011,Comedy
60089,Satin,Movie,2011,Comedy
60090,Puss in Boots,Movie,2011,Comedy
60091,Generation P,Movie,2011,Comedy
60092,Salvando al Soldado Pérez,Movie,2011,Comedy
60093,Silent Alarm,Movie,2011,Comedy
60126,Cowboys & Aliens,Movie,2011,Action
60127,Real Steel,Movie,2011,Action
60128,Captain America: The First Avenger,Movie,2011,Action
60129,Platinum Illusions,Movie,2011,Action
60130,The Mechanic,Movie,2011,Action
60131,Tower Heist,Movie,2011,Action
60132,Super Monkey Ball 3D,Video Game,2011,Action
60133,Season of the Witch,Movie,2011,Action
60164,50 Feet of String,Movie,2011,Fantasy
60167,The Smurfs,Movie,2011,Fantasy
60168,The Tree of Life,Movie,2011,Fantasy
60170,The Nine Lives of Chloe King,TV Mini Series,2011,Fantasy
60171,Thor,Movie,2011,Fantasy
60172,Spoon,Movie,2011,Fantasy
60173,Conan the Barbarian,Movie,2011,Fantasy
60205,The Passing,Movie,2011,Horror
60206,Within: Terror Resides...,Video,2011,Horror
60207,Horrorween,Video,2011,Horror
60208,Kill,Movie,2011,Horror
60209,War of the Dead,Movie,2011,Horror
60210,Priest,Movie,2011,Horror
60211,Immortal Island,Movie,2011,Horror
60212,Red State,Movie,2011,Horror
60213,Rift,Movie,2011,Horror
60247,Extremely Loud & Incredibly Close,Movie,2011,Mystery
60248,Atlas Shrugged: Part I,Movie,2011,Mystery
60249,Double Tap,Movie,2011,Mystery
60250,Hoodwinked Too! Hood vs. Evil,Movie,2011,Mystery
60251,Katharsis,Movie,2011,Mystery
60252,Blur,Movie,2011,Mystery
60253,The Thing,Movie,2011,Mystery
60288,A Bird of the Air,Movie,2011,Romance
60289,Hall Pass,Movie,2011,Romance
60290,Something Borrowed,Movie,2011,Romance
60291,What's Your Number?,Movie,2011,Romance
60292,Till You Get to Baraboo,Movie,2011,Romance
60293,Red Dog,Movie,2011,Romance
60326,Moving Target,Movie,2011,Thriller
60333,Escalade,Movie,2011,Thriller
60364,On the Road,Movie,2012,Drama
60365,Destination Fame,Video,2012,Drama
60366,Hemingway & Gellhorn,TV Movie,2012,Drama
60367,Acorralados,Movie,2012,Drama
60368,Caleuche: El llamado del Mar,Movie,2012,Drama
60369,L'apocalisse delle scimmie,Movie,2012,Drama
60370,Lincoln,Movie,2012,Drama
60371,The Corrections,TV Movie,2012,Drama
60372,Life of Pi,Movie,2012,Drama
60373,Being Flynn,Movie,2012,Drama
60404,Foodfight!,Movie,2012,Comedy
60405,Life's a Beach,Movie,2012,Comedy
60406,The Three Stooges,Movie,2012,Comedy
60407,Gambit,Movie,2012,Comedy
60409,Os Penetras,Movie,2012,Comedy
60410,Persona Au Gratin,Movie,2012,Comedy
60411,Sushi in Suhl,Movie,2012,Comedy
60412,Episode #1.16,TV Episode,2012,Comedy
60413,A Thousand Words,Movie,2012,Comedy
60445,John Carter,Movie,2012,Action
60446,Clutch,Movie,2012,Action
60447,Red Tails,Movie,2012,Action
60448,Jack Reacher,Movie,2012,Action
60449,Gallowwalkers,Movie,2012,Action
60450,The Avengers,Movie,2012,Action
60451,The Sweeney,Movie,2012,Action
60452,Evangelion Shin Gekijôban: Kyu,Movie,2012,Action
60453,The Amazing Spider-Man 3D,Movie,2012,Action
60488,Hotel Transylvania,Movie,2012,Fantasy
60489,De Hobbit: Een onverwachte reis,Movie,2012,Fantasy
60490,Masuk,Short,2012,Fantasy
60491,Kathakas,Short,2012,Fantasy
60492,Hors de Contrôle,TV Episode,2012,Fantasy
60493,Déchirements,TV Episode,2012,Fantasy
60524,The Possession,Movie,2012,Horror
60525,Monster Mountain,Video,2012,Horror
60528,Bad Blood,Movie,2012,Horror
60530,Santeria: The Soul Possessed,Video,2012,Horror
60532,Jack & Diane,Movie,2012,Horror
60533,Silent Hill: Revelation,Movie,2012,Horror
60567,The Attack,Movie,2012,Mystery
60568,Exposed,Movie,2012,Mystery
60570,The Courier,Movie,2012,Mystery
60571,Frankenstein's Sorbid Lover,Short,2012,Mystery
60572,La Visita,Short,2012,Mystery
60573,Episode #1.3,TV Episode,2012,Mystery
60607,Elliot Loves,Movie,2012,Romance
60608,Belle du Seigneur,Movie,2012,Romance
60610,Letting Go,Movie,2012,Romance
60611,Jewtopia,Movie,2012,Romance
60612,RMS Titanic: The Story Biograph Told,Video,2012,Romance
60613,Strange Frame: Love & Sax,Movie,2012,Romance
60644,Dark Blood,Movie,2012,Thriller
60648,The Yellow Wallpaper,Movie,2012,Thriller
60651,The Grind,Movie,2012,Thriller
60653,Freaky Deaky,Movie,2012,Thriller
60684,Return to Babylon,Movie,2013,Drama
60685,The Secret Life of Walter Mitty,Movie,2013,Drama
60686,In Secret,Movie,2013,Drama
60687,In absentia,Short,2013,Drama
60688,42,Movie,2013,Drama
60689,Without Warrant,Movie,2013,Drama
60690,uwantme2killhim?,Movie,2013,Drama
60691,Syrup,Movie,2013,Drama
60692,Santorini Blue,Movie,2013,Drama
60693,Dallas Buyers Club,Movie,2013,Drama
60726,Blunt Movie,Movie,2013,Comedy
60727,Alan Partridge: Alpha Papa,Movie,2013,Comedy
60728,The Croods,Movie,2013,Comedy
60729,Aftermath,Movie,2013,Comedy
60732,The Incredible Burt Wonderstone,Movie,2013,Comedy
60733,R.I.P.D.,Movie,2013,Comedy
60764,U.S. Bounty Hunters,TV Series,2013,Action
60767,Prisoners of the Sun,Movie,2013,Action
60768,Man of Steel,Movie,2013,Action
60770,World War Z,Movie,2013,Action
60771,The Power of Few,Movie,2013,Action
60772,Epic,Movie,2013,Action
60773,Snitch,Movie,2013,Action
60807,The Fallen Word,Movie,2013,Fantasy
60809,Legends of Oz: Dorothy's Return,Movie,2013,Fantasy
60810,Legend of the Red Reaper,Movie,2013,Fantasy
60811,Episode #1.207,TV Episode,2013,Fantasy
60812,Episode #1.214,TV Episode,2013,Fantasy
60813,Episode #1.210,TV Episode,2013,Fantasy
60845,Night of the Templar,Movie,2013,Horror
60847,Shroud,Movie,2013,Horror
60848,Grandmother's Farm,Movie,2013,Horror
60849,Nang Marn,TV Series,2013,Horror
60850,Outcast,Short,2013,Horror
60851,Fantasia 2,Movie,2013,Horror
60852,Bloedson,Short,2013,Horror
60853,Dare,TV Episode,2013,Horror
60884,The Devil You Know,Movie,2013,Mystery
60887,In the Woods,TV Series,2013,Mystery
60891,Whitie Pills Multi-Symptom,Short,2013,Mystery
60893,Hollywood Necronomicon,Movie,2013,Mystery
60928,Approaching Midnight,Movie,2013,Romance
60931,Episode #1.55,TV Episode,2013,Romance
60970,Devil's Knot,Movie,2013,Thriller
60973,N.Y.C. Underground,Video,2013,Thriller
61004,Le sacre d'automne,Short,2014,Drama
61005,Instruments of Darkness,Movie,2014,Drama
61006,A Walk Among the Tombstones,Movie,2014,Drama
61007,The Ninth Cloud,Movie,2014,Drama
61008,The Giver,Movie,2014,Drama
61009,Before We Go,Movie,2014,Drama
61010,A Long Way Down,Movie,2014,Drama
61011,Ex Machina,Movie,2014,Drama
61012,Dil Ka Sauda,Movie,2014,Drama
61013,The Ego Show,TV Episode,2014,Drama
61044,Frivolinas,Movie,2014,Comedy
61045,The Fresh Lobster,Short,2014,Comedy
61046,Rice Girl,Movie,2014,Comedy
61050,Kid Cannabis,Movie,2014,Comedy
61051,The Boxtrolls,Movie,2014,Comedy
61052,Rupan sansei,Movie,2014,Comedy
61053,Mr. Peabody & Sherman,Movie,2014,Comedy
61086,Action Jackson,Movie,2014,Action
61087,The Equalizer,Movie,2014,Action
61088,Sin City: A Dame to Kill For,Movie,2014,Action
61090,Jersey Justice,Movie,2014,Action
61091,Dracula Untold,Movie,2014,Action
61092,Godzilla,Movie,2014,Action
61093,Electric Slide,Movie,2014,Action
61126,The Hero of Color City,Movie,2014,Fantasy
61130,Hamlet A.D.D.,Movie,2014,Fantasy
61131,Tracy Smith: La Cueva de Resurrección,Short,2014,Fantasy
61132,High Five,TV Episode,2014,Fantasy
61133,Bar B Cubes,TV Episode,2014,Fantasy
61164,House at the End of the Drive,Movie,2014,Horror
61166,Hogzilla,Video,2014,Horror
61167,The Count Jackula Show,TV Series,2014,Horror
61168,House of 1000 Corpses Part 1,TV Episode,2014,Horror
61169,House of 1000 Corpses Part 2,TV Episode,2014,Horror
61170,Top 13 Gooder Movies,TV Episode,2014,Horror
61171,Red State,TV Episode,2014,Horror
61172,"Misogyny in Horror: I Spit On Your Grave, Part 1",TV Episode,2014,Horror
61173,"Misogyny in Horror: I Spit On Your Grave, Part 2",TV Episode,2014,Horror
61205,The Sisterhood of Night,Movie,2014,Mystery
61206,Episode #2.2,TV Episode,2014,Mystery
61207,Episode #2.1,TV Episode,2014,Mystery
61208,Episode #2.3,TV Episode,2014,Mystery
61209,Episode #2.5,TV Episode,2014,Mystery
61210,Episode #2.4,TV Episode,2014,Mystery
61211,Missing Testament (Case No. 3): Part 2,TV Episode,2014,Mystery
61212,Exchange Killings (Case No. 4): Part 2,TV Episode,2014,Mystery
61213,Perfect Ransom (Case No. 5): Part 2,TV Episode,2014,Mystery
61247,Between the Sand and the Sky,Video,2014,Romance
61248,Suite Française,Movie,2014,Romance
61249,Life Mein Twist Hai,Movie,2014,Romance
61250,Idealnyy muzhchina,TV Mini Series,2014,Romance
61251,Zvyozdy svetyat vsem,Movie,2014,Romance
61252,La scelta,Short,2014,Romance
61253,Hum tum,Movie,2014,Romance
61324,Shulie,Short,2015,Drama
61325,Snowblind,Movie,2015,Drama
61326,Chatô: O Rei do Brasil,Movie,2015,Drama
61327,Transeúntes,Movie,2015,Drama
61328,Wish ko lang,TV Series,2015,Drama
61329,The Stanford Prison Experiment,Movie,2015,Drama
61330,High-Rise,Movie,2015,Drama
61331,The Man Who Knew Infinity,Movie,2015,Drama
61332,Miles Ahead,Movie,2015,Drama
61333,The Danish Girl,Movie,2015,Drama
61364,Show of Hearts,TV Series,2015,Comedy
61365,Soapte de amor,Movie,2015,Comedy
61367,Prozac tango,Short,2015,Comedy
61368,Ant-Man,Movie,2015,Comedy
61369,The Wedding Ringer,Movie,2015,Comedy
61370,Episode #1.326,TV Episode,2015,Comedy
61371,Episode #1.335,TV Episode,2015,Comedy
61372,Episode #1.325,TV Episode,2015,Comedy
61373,Episode #1.336,TV Episode,2015,Comedy
61404,Jurassic World,Movie,2015,Action
61406,Oscar Buzz,Short,2015,Action
61407,Episode #1.266,TV Episode,2015,Action
61408,Episode #1.264,TV Episode,2015,Action
61409,Episode #1.260,TV Episode,2015,Action
61410,Episode #1.254,TV Episode,2015,Action
61411,Episode #1.249,TV Episode,2015,Action
61412,Episode #1.253,TV Episode,2015,Action
61413,Episode #1.275,TV Episode,2015,Action
61448,Episode #1.324,TV Episode,2015,Fantasy
61449,Episode #1.329,TV Episode,2015,Fantasy
61450,Episode #1.333,TV Episode,2015,Fantasy
61451,Episode #1.334,TV Episode,2015,Fantasy
61452,Episode #1.322,TV Episode,2015,Fantasy
61453,Episode #1.332,TV Episode,2015,Fantasy
61484,Puppet Show,Short,2015,Horror
61485,Targets,TV Episode,2015,Horror
61486,Vlog - Unfriended,TV Episode,2015,Horror
61487,Vlog - Spring,TV Episode,2015,Horror
61488,Vlog - Wyrmwood,TV Episode,2015,Horror
61489,Vlog - The Taking of Deborah Logan,TV Episode,2015,Horror
61490,Vlog - Late Phases,TV Episode,2015,Horror
61491,Vlog - Mad Max: Fury Road,TV Episode,2015,Horror
61492,Vlog - What We Do in the Shadows,TV Episode,2015,Horror
61493,Vlog - Goosebumps,TV Episode,2015,Horror
61524,Endless Night,Short,2015,Mystery
61525,Tales of Evil,TV Episode,2015,Mystery
61526,Step into the Woods,Short,2015,Mystery
61527,The First Act,Short,2015,Mystery
61528,Child 44,Movie,2015,Mystery
61529,Episode #1.2,TV Episode,2015,Mystery
61530,Episode #1.3,TV Episode,2015,Mystery
61531,Episode #1.6,TV Episode,2015,Mystery
61532,Episode #1.13,TV Episode,2015,Mystery
61533,Episode #1.7,TV Episode,2015,Mystery
61566,Jackson Arms,Movie,2015,Romance
61567,Chooriyan,Movie,2015,Romance
61568,Episode #1.18,TV Episode,2015,Romance
61569,Episode #1.21,TV Episode,2015,Romance
61570,Episode #1.22,TV Episode,2015,Romance
61571,Episode #1.19,TV Episode,2015,Romance
61572,Episode #1.20,TV Episode,2015,Romance
61573,Episode #1.17,TV Episode,2015,Romance
62007,Bunyan and Babe,Movie,2017,Comedy
62008,Por el mundo,TV Series,2017,Comedy
62010,CHIPS,Movie,2017,Comedy
62011,Please Don't Squeeze the Eric,TV Episode,2017,Comedy
62012,Best of Luck on Future Projects,TV Episode,2017,Comedy
62013,The Errand Girl,TV Episode,2017,Comedy
62044,Wonder Woman,Movie,2017,Action
62046,Justice League,Movie,2017,Action
62047,Green Brothers,Movie,2017,Action
62048,Red Wrath,Short,2017,Action
62049,Nagarsevak - Ek Nayak,Movie,2017,Action
62050,Fast Heroes Sixty,TV Mini Series,2017,Action
62051,Spider-Man Fan Film - Film Form Studios,Short,2017,Action
62052,Kem Phayabat,TV Series,2017,Action
62053,Disassembly 3D,Video Game,2017,Action
62088,Excalibur Too,Short,2017,Fantasy
62089,Myth or Monster,TV Movie,2017,Fantasy
62090,Lunacy,Short,2017,Fantasy
62091,The Singing Forest,TV Episode,2017,Fantasy
62092,The Cannibal,TV Episode,2017,Fantasy
62093,The Girl in the Iceberg,TV Episode,2017,Fantasy
62124,Bigfoot,Movie,2017,Horror
62125,The Evil Within,Movie,2017,Horror
62126,Sludge,Movie,2017,Horror
62128,Crypt TV - Get Out - Meeting His Parents,TV Mini Series,2017,Horror
62129,A Sugar Daddy For Gabi,TV Episode,2017,Horror
62130,Kyodai,Movie,2017,Horror
62131,Asylum,Short,2017,Horror
62132,Inside the Walls,Movie,2017,Horror
62167,Brainstorm,Short,2017,Mystery
62169,So You Want To Be A Writer?,Short,2017,Mystery
62170,Initiatio,TV Episode,2017,Mystery
62171,Inventio - Ep. 13,TV Episode,2017,Mystery
62172,Blue Blood,Short,2017,Mystery
62173,Deadly Favor/Just Kids,TV Episode,2017,Mystery
62206,Episode #2.66,TV Episode,2017,Romance
62207,Episode #3.64,TV Episode,2017,Romance
62208,Episode #1.76,TV Episode,2017,Romance
62209,Episode #1.63,TV Episode,2017,Romance
62210,Episode #1.74,TV Episode,2017,Romance
62211,Episode #2.67,TV Episode,2017,Romance
62212,Episode #3.83,TV Episode,2017,Romance
62213,Episode #1.68,TV Episode,2017,Romance
62246,The Dot Man,Movie,2017,Thriller
62252,Episode #1.72,TV Episode,2017,Thriller
62253,Episode #2.69,TV Episode,2017,Thriller
62284,The Other Side of the Wind,Movie,2018,Drama
62285,Reverse Heaven,Movie,2018,Drama
62286,To Chase a Million,Movie,2018,Drama
62287,Aamaar Bhuvan,Movie,2018,Drama
62288,Fahrenheit 451,Movie,2018,Drama
62289,Nappily Ever After,Movie,2018,Drama
62290,A Million Little Pieces,Movie,2018,Drama
62291,Star Wars: Underworld,TV Series,2018,Drama
62292,Episode #26.10,TV Episode,2018,Drama
62293,Episode #26.13,TV Episode,2018,Drama
62324,A Thin Life,Movie,2018,Comedy
62326,Comedy Circus,TV Series,2018,Comedy
62329,Episode #26.20,TV Episode,2018,Comedy
62330,Episode #26.14,TV Episode,2018,Comedy
62331,Episode #26.17,TV Episode,2018,Comedy
62332,Episode #26.12,TV Episode,2018,Comedy
62333,Vidas Brasileiras,TV Episode,2018,Comedy
62366,A New Menace,TV Movie,2018,Action
62367,Sword of the Legendary Hero!,TV Episode,2018,Action
62368,Crossing: 2036,Short,2018,Action
62369,pilot,TV Episode,2018,Action
62370,The Last Job,Video,2018,Action
62371,Mi maestro,TV Episode,2018,Action
62372,Los narcos no tienen palabra,TV Episode,2018,Action
62373,Vicente se va,TV Episode,2018,Action
62405,Baby Brother,Video,2018,Fantasy
62407,World of Final Fantasy Maxima,Video Game,2018,Fantasy
62408,The Search for String/Mirror Mirror,TV Episode,2018,Fantasy
62409,Moonwalk with Me,Short,2018,Fantasy
62410,Es werde Licht!,TV Episode,2018,Fantasy
62411,Junas fantastische Reise,TV Series,2018,Fantasy
62412,Das Abenteuer beginnt!,TV Episode,2018,Fantasy
62413,Stuck,Short,2018,Fantasy
62444,Dukun,Movie,2018,Horror
62445,Judge Angels Part Three,TV Episode,2018,Horror
62446,Nekro,Short,2018,Horror
62447,Cut,Short,2018,Horror
62448,On Off,Short,2018,Horror
62449,Judge Angels Part Two,TV Episode,2018,Horror
62450,Judge Angels Part One,TV Episode,2018,Horror
62451,Can Ruby Trap Ansh?,TV Episode,2018,Horror
62452,My Dear Work,Short,2018,Horror
62453,Similitude,Short,2018,Horror
62484,Super Troopers 2,Movie,2018,Mystery
62485,The Mind's Eye,Short,2018,Mystery
62486,Apartamento 4,Short,2018,Mystery
62487,I Love When You Sing to Me,Short,2018,Mystery
62488,Las fotos de comunión,Short,2018,Mystery
62489,Deja Vu,Short,2018,Mystery
62490,De oom op zoek naar mysterie (The Uncle in Search of Mystery),Short,2018,Mystery
62491,Dinners of Death: Dead or Alive,TV Episode,2018,Mystery
62492,Doppelganger,Short,2018,Mystery
62493,Dinners of Death: The Texas Chain Saw Massacre,TV Episode,2018,Mystery
62532,Episode #26.11,TV Episode,2018,Romance
62533,Vidas Brasileiras,TV Episode,2018,Romance
62566,Back Roads,Movie,2018,Thriller
62568,Form 1,Short,2018,Thriller
62569,When I Became a Butterfly,Movie,2018,Thriller
62570,I Know Why You Run,Video,2018,Thriller
62573,Parallel Tracks,Short,2018,Thriller
62604,La fête espagnole,Movie,2019,Drama
62605,Sha Ou,Movie,2019,Drama
62606,Mariette in Ecstasy,Movie,2019,Drama
62607,Eine geschlossene Gesellschaft,TV Movie,2019,Drama
62608,Wo men fu fu zhi jian,Movie,2019,Drama
62609,Motherless Brooklyn,Movie,2019,Drama
62610,Danger Close: The Battle of Long Tan,Movie,2019,Drama
62611,Carnival Row,TV Series,2019,Drama
62612,Unaired Pilot,TV Episode,2019,Drama
62613,The Last Full Measure,Movie,2019,Drama
62644,Shazam!,Movie,2019,Comedy
62645,The Dirt,Movie,2019,Comedy
62646,Hasta Navarrete II,TV Episode,2019,Comedy
62647,The Roommates,TV Episode,2019,Comedy
62648,The Girls Night,TV Episode,2019,Comedy
62649,April Fools,TV Episode,2019,Comedy
62650,The Right One,TV Episode,2019,Comedy
62651,Giavana and Parker,TV Series,2019,Comedy
62652,The Interviews,TV Episode,2019,Comedy
62653,Un día de campo,TV Episode,2019,Comedy
62684,Tötet nicht mehr,Movie,2019,Action
62685,Alita: Battle Angel,Movie,2019,Action
62688,Skillet,Short,2019,Action
62689,"Judge, Jury...",TV Episode,2019,Action
62690,Tip to the Lip,TV Episode,2019,Action
62691,Cvokhaus,TV Episode,2019,Action
62692,Off Line,TV Episode,2019,Action
62693,Rebelasyon,TV Episode,2019,Action
62727,Well Beneath,TV Episode,2019,Fantasy
62728,Episode #1.18,TV Episode,2019,Fantasy
62729,The Coven,Short,2019,Fantasy
62730,Hindi pwede,TV Episode,2019,Fantasy
62731,My Vampire Love: Part 2,TV Episode,2019,Fantasy
62732,Trouble and Tensions Part 1,TV Episode,2019,Fantasy
62733,The Supies,TV Episode,2019,Fantasy
62764,Pet Sematary,Movie,2019,Horror
62766,A Haunting at the Beattie Mansion,TV Episode,2019,Horror
62767,Ruckers Tomb,Short,2019,Horror
62768,A Haunting at the Sallie House,TV Episode,2019,Horror
62769,2 Jurassic Pastas,TV Episode,2019,Horror
62770,She Must Vanish,Short,2019,Horror
62771,Street Fighter V Succabus,TV Episode,2019,Horror
62772,Camp Hot Streets,TV Episode,2019,Horror
62773,"El Último Patio, Parte I",TV Episode,2019,Horror
62808,Épisode 141,TV Episode,2019,Mystery
62810,Ludere,Short,2019,Mystery
62811,...and Executioner,TV Episode,2019,Mystery
62812,Common Enemies,TV Episode,2019,Mystery
62813,Episode #2.5,TV Episode,2019,Mystery
62844,Dirt Music,Movie,2019,Romance
62845,Kissing Carmen,Short,2019,Romance
62846,Episode #1.8048,TV Episode,2019,Romance
62847,Episode #1.8046,TV Episode,2019,Romance
62848,Episode #1.8047,TV Episode,2019,Romance
62849,Episode #1.8045,TV Episode,2019,Romance
62850,Rencontre,Short,2019,Romance
62851,Moritz macht eine Entdeckung,TV Episode,2019,Romance
62852,Umorno srce,TV Episode,2019,Romance
62853,Episode #1.8049,TV Episode,2019,Romance
62888,Disquiet,Short,2019,Thriller
62890,Witness to Murder,Short,2019,Thriller
62891,Voiceless,Short,2019,Thriller
62893,Çanakkale Geçilmez,TV Episode,2019,Thriller
62924,El Tango del Viudo y Su Espejo Deformante,Movie,2020,Drama
62925,Love & Orgasms,Movie,2020,Drama
62926,I Know This Much Is True,TV Series,2020,Drama
62927,Surviving in L.A.,Movie,2020,Drama
62928,Duel of Legends,Movie,2020,Drama
62929,Lost Girls and Love Hotels,Movie,2020,Drama
62930,"""Gallavich!""",TV Episode,2020,Drama
62931,Chapter One: The Singing Bones,TV Episode,2020,Drama
62932,Avocado Toast the series,TV Series,2020,Drama
62933,Hiving the Bees,TV Episode,2020,Drama
62965,Unaired Pilot,TV Episode,2020,Comedy
62966,Episode #22.1,TV Episode,2020,Comedy
62967,The Witches,Movie,2020,Comedy
62970,Right Back Where We Started,TV Episode,2020,Comedy
62971,Jak najdalej stad,Movie,2020,Comedy
62972,Paranoia Tapes: URBAN LEGEND,Short,2020,Comedy
62973,The Singapore Grip,TV Episode,2020,Comedy
63005,Road to Red,Movie,2020,Action
63006,Fantasy Island,Movie,2020,Action
63008,Like.Share.Repost.,Short,2020,Action
63009,Hunted,Movie,2020,Action
63010,Dragon's Dogma,TV Series,2020,Action
63011,Escape or Die,TV Episode,2020,Action
63012,Blood of Zeus,TV Series,2020,Action
63013,A Monster is Born,TV Episode,2020,Action
63047,Kala azar,Movie,2020,Fantasy
63052,The Raid,TV Episode,2020,Fantasy
63053,Back to Olympus,TV Episode,2020,Fantasy
63084,Grizzly II: The Predator,Movie,2020,Horror
63089,Seeds,Movie,2020,Horror
63091,The Rental,Movie,2020,Horror
63092,Sacrifice,Movie,2020,Horror
63093,The Last Queen on Earth,Short,2020,Horror
63128,Decoherence,TV Episode,2020,Mystery
63129,Genre,TV Episode,2020,Mystery
63130,The Absence of Field,TV Episode,2020,Mystery
63131,The Mother of Exiles,TV Episode,2020,Mystery
63132,Passed Pawn,TV Episode,2020,Mystery
63133,Crisis Theory,TV Episode,2020,Mystery
63167,Engagement,TV Episode,2020,Romance
63168,The Great World,TV Episode,2020,Romance
63169,Singapore for Beginners,TV Episode,2020,Romance
63170,The Human Condition,TV Episode,2020,Romance
63171,Survival Instinct,TV Episode,2020,Romance
63172,Drop,Short,2020,Romance
63173,Passion simple,Movie,2020,Romance
63207,Farvel Søde,Short,2020,Thriller
63211,They Never Lie,Short,2020,Thriller
63213,Blutiger Beton,TV Episode,2020,Thriller
63244,Mugen ryûkyû tsuru Henrî,Movie,2021,Drama
63245,'77,Movie,2021,Drama
63246,Zamaanat: And Justice for All,Movie,2021,Drama
63247,Foundation,TV Series,2021,Drama
63248,Z,Movie,2021,Drama
63249,Cosmic Radio,Movie,2021,Drama
63250,A Journal for Jordan,Movie,2021,Drama
63251,Kelti,Movie,2021,Drama
63252,Murder on Instagram - Part 1,TV Episode,2021,Drama
63253,Preman,Movie,2021,Drama
63284,The International Style,Short,2021,Comedy
63285,"Oak, Ivy, and Other Dead Elms",Short,2021,Comedy
63287,Clash of the Comedies Week,TV Episode,2021,Comedy
63288,Jungle Cruise,Movie,2021,Comedy
63289,F-Word,Movie,2021,Comedy
63290,The 10th Man,Movie,2021,Comedy
63291,If I Only had a Name,Short,2021,Comedy
63292,La metafísica del asesino,Short,2021,Comedy
63293,Episode #1.1,TV Episode,2021,Comedy
63324,Mortal Kombat,Movie,2021,Action
63325,Without Remorse,Movie,2021,Action
63328,Army of the Dead,Movie,2021,Action
63329,Chinese Speaking Vampires,Movie,2021,Action
63331,Bad Rap Rising,Short,2021,Action
63332,Badlander,Movie,2021,Action
63333,Vaa Deal,Movie,2021,Action
63368,A Winter's Tale,TV Episode,2021,Fantasy
63370,Bad President,Movie,2021,Fantasy
63371,Supercool,Movie,2021,Fantasy
63372,Realm of Terracotta,Movie,2021,Fantasy
63373,Bubble Bass's Tab/Kooky Cooks,TV Episode,2021,Fantasy
63405,UNHEIMLICH,Short,2021,Horror
63406,Howard's Mill,Movie,2021,Horror
63407,Desert Moon,Movie,2021,Horror
63408,Fear of Rain,Movie,2021,Horror
63409,12 O'Clock,Movie,2021,Horror
63411,My Dinner with Chuck,Short,2021,Horror
63412,Jaws of Los Angeles,Movie,2021,Horror
63413,Efeito Placebo,Movie,2021,Horror
63445,The Little Things,Movie,2021,Mystery
63447,False Positive,Movie,2021,Mystery
63448,Mi mi fang ke,Movie,2021,Mystery
63449,Episode #2.1,TV Episode,2021,Mystery
63450,The Diary: An Untold Story,Movie,2021,Mystery
63451,Reflection,Movie,2021,Mystery
63452,El inocente,TV Mini Series,2021,Mystery
63453,Mare of Easttown,TV Series,2021,Mystery
63485,Il materiale emotivo,Movie,2021,Romance
63486,Indiana Jones and the Sanctuary of the Black Order,Movie,2021,Romance
63487,Bole Chudiyan,Movie,2021,Romance
63488,Nomad,Movie,2021,Romance
63489,I Won't Be Home for Christmas,Movie,2021,Romance
63491,Poor Lucky Rich Boy,Movie,2021,Romance
63492,Cinderella,Movie,2021,Romance
63493,R[evol]ution of Love,Short,2021,Romance
63528,Willie Lynch,Short,2021,Thriller
63533,Block A-10,Short,2021,Thriller
63564,Shantaram,TV Series,2022,Drama
63565,The Swarm,TV Series,2022,Drama
63566,Milli Vanilli,Movie,2022,Drama
63567,Kill Switch,Short,2022,Drama
63568,Siempre Yo,Short,2022,Drama
63569,Vampire in the Garden,TV Series,2022,Drama
63570,Laal Singh Chaddha,Movie,2022,Drama
63571,Darkling,Movie,2022,Drama
63572,Charlie Hustle,Movie,2022,Drama
63573,D.O.P.E. UNIT,TV Series,2022,Drama
63606,MobSense,Movie,2022,Comedy
63607,Adventures in Game Chasing,Movie,2022,Comedy
63608,The Christmas Spirit,Movie,2022,Comedy
63609,The Fruitties Are Back,TV Series,2022,Comedy
63610,Kitty all'attacco,TV Series,2022,Comedy
63611,Sneakerella,Movie,2022,Comedy
63612,forgiving jeff,TV Episode,2022,Comedy
63613,Gap Weekend,Movie,2022,Comedy
63645,Spriggan,TV Series,2022,Action
63648,Satria Dewa: Gatotkaca,Movie,2022,Action
63649,Im Westen nichts Neues,Movie,2022,Action
63651,Bullet Proof,Movie,2022,Action
63652,Moon Knight,TV Mini Series,2022,Action
63653,Stalking Elvis,Short,2022,Action
63689,Willow,TV Series,2022,Fantasy
63690,Strange World,Movie,2022,Fantasy
63691,Big Gold Brick,Movie,2022,Fantasy
63692,Dampyr,Movie,2022,Fantasy
63693,Atlas of Iladrael,Movie,2022,Fantasy
63724,Hellraiser,Movie,2022,Horror
63725,Chlorine,Short,2022,Horror
63726,Bloody September,Movie,2022,Horror
63728,Episode #3.1,TV Episode,2022,Horror
63729,Take Two,Short,2022,Horror
63730,Healing Meltdown,Short,2022,Horror
63731,Fate of the Night,Movie,2022,Horror
63732,Last American Horror Show: Volume II,Movie,2022,Horror
63733,Nasty,Video,2022,Horror
63767,The Confessions of Frannie Langton,TV Series,2022,Mystery
63768,The Darker the Lake,Movie,2022,Mystery
63769,Amsterdam,Movie,2022,Mystery
63770,Untitled Disney Live Action Project,Movie,2022,Mystery
63771,Unbound Evil,Movie,2022,Mystery
63772,Shame,Movie,2022,Mystery
63773,The Sound of Her Wings,TV Episode,2022,Mystery
63806,Wyjdź za mnie,Movie,2022,Romance
63809,Expired,Movie,2022,Romance
63810,Unplugging,Movie,2022,Romance
63811,The Challenger,TV Episode,2022,Romance
63812,Stars at Noon,Movie,2022,Romance
63813,Ek Love Ya,Movie,2022,Romance
63845,Nefarious,Movie,2022,Thriller
63851,Shut In,Movie,2022,Thriller
63852,Untitled Drama/Horror Project,Short,2022,Thriller
63884,Orphan Black: Echoes,TV Series,2023,Drama
63885,Phoenix,TV Series,2023,Drama
63886,The Pitying Sky,TV Episode,2023,Drama
63887,Despite Our Scars,TV Episode,2023,Drama
63888,I Stood by the Shore,TV Episode,2023,Drama
63889,Cannes Confidential,TV Series,2023,Drama
63890,Astray,Short,2023,Drama
63891,The Vanishing Triangle,TV Series,2023,Drama
63892,Bambi,Movie,2023,Drama
63893,Culebra,TV Episode,2023,Drama
63925,Shazam! Fury of the Gods,Movie,2023,Comedy
63926,Rapture Camp,Movie,2023,Comedy
63927,Le super 4 di Mama K,TV Series,2023,Comedy
63928,Bonus Special: Gone for a Day,TV Episode,2023,Comedy
63929,Creepers 'R Us,Movie,2023,Comedy
63930,Bad Boy,Movie,2023,Comedy
63931,Miraculous: Filmen om Ladybug & Cat Noir,Movie,2023,Comedy
63932,Epilogue,TV Episode,2023,Comedy
63933,Model Minority,TV Episode,2023,Comedy
63964,The Flash,Movie,2023,Action
63973,Until the Stars Come Back,TV Episode,2023,Action
64005,The Last Voyage of the Demeter,Movie,2023,Fantasy
64006,Les Sentinelles,TV Series,2023,Fantasy
64011,The Power,TV Series,2023,Fantasy
64012,Scavenger,Movie,2023,Fantasy
64013,Zeruda no densetsu: Tiâzu obu za kingudamu,Video Game,2023,Fantasy
64047,Timir,Movie,2023,Horror
64048,Supernatural Assassins,Movie,2023,Horror
64049,Uzumaki,TV Mini Series,2023,Horror
64050,Episode #1.1,TV Episode,2023,Horror
64051,Episode #1.4,TV Episode,2023,Horror
64052,Episode #1.2,TV Episode,2023,Horror
64053,Episode #1.3,TV Episode,2023,Horror
64088,#Models Wanted,Movie,2023,Mystery
64089,Vincent,Movie,2023,Mystery
64090,Black Nightmares,Movie,2023,Mystery
64091,Out of Nowhere,TV Episode,2023,Mystery
64092,Wings of Fire,TV Series,2023,Mystery
64093,Zamayachnyy,TV Series,2023,Mystery
64127,Finding Tess,Movie,2023,Romance
64128,Amor Y Aceptacion. Volumen I,Short,2023,Romance
64129,Grease: Rise of the Pink Ladies,TV Series,2023,Romance
64130,Divine Flames,Movie,2023,Romance
64131,Divine Flames,Movie,2023,Romance
64132,The Out-Laws,Movie,2023,Romance
64133,Die Every Day,TV Episode,2023,Romance
64173,And Yet I Am,TV Episode,2023,Thriller
64204,Vampire: The Masquerade - Bloodlines 2,Video Game,2024,Drama
64205,La Storia,TV Series,2024,Drama
64206,Pojke slukar universum,TV Mini Series,2024,Drama
64207,Dune: Prophecy,TV Series,2024,Drama
64208,"The Divine Comedy: Inferno, Purgatory and Paradise",TV Series,2024,Drama
64209,Those About to Die,TV Series,2024,Drama
64210,Mom's Coming,Movie,2024,Drama
64211,Love Song and Power,Movie,2024,Drama
64212,Dark Forest: Dante's Sins. Virgil appears.,TV Episode,2024,Drama
64213,Beatrice Descends into Limbo. Virgil's Mission,TV Episode,2024,Drama
64244,The Office: Australia,TV Series,2024,Comedy
64245,Pizzodyssey,Movie,2024,Comedy
64247,IF,Movie,2024,Comedy
64248,Dead,TV Series,2024,Comedy
64249,Max and the Midknights,TV Series,2024,Comedy
64250,Handcock's,TV Series,2024,Comedy
64251,Le (2ème) Meilleur Hôpital de la Galaxie,TV Series,2024,Comedy
64252,Struck in the 80s,TV Mini Series,2024,Comedy
64253,I love Ao dai,TV Series,2024,Comedy
64285,Multiverso,Movie,2024,Action
64288,Twilight of the Gods,TV Series,2024,Action
64289,Detour 95,Movie,2024,Action
64290,The Legend of Johnny Jones,Movie,2024,Action
64291,Slasher House 3,Movie,2024,Action
64292,Bandidos,TV Series,2024,Action
64293,Clank and the Golden Scar,Movie,2024,Action
64329,The Gate of Hell,TV Episode,2024,Fantasy
64330,First Circle: Limbo,TV Episode,2024,Fantasy
64332,Project Piper,Short,2024,Fantasy
64333,Episode #1.2,TV Episode,2024,Fantasy
64364,We're Alive: Scout's Honor,TV Mini Series,2024,Horror
64367,Horror Creek Manor - The Movie,Video,2024,Horror
64368,Swordsha: Queen of Hybrids,Short,2024,Horror
64373,Upgrade,TV Series,2024,Horror
64413,Shadows,TV Mini Series,2024,Mystery
64444,The Narrow Road to the Deep North,TV Series,2024,Romance
64445,Vancouver's Finest,TV Episode,2024,Romance
64446,Does it bounce?,TV Episode,2024,Romance
64447,Virgin Zachary,TV Episode,2024,Romance
64448,What's Missing?,TV Series,2024,Romance
64449,All out of puns,TV Episode,2024,Romance
64450,Greatest pick-up lines ever,TV Episode,2024,Romance
64451,Untouchable,Movie,2024,Romance
64452,Broken Glass,Movie,2024,Romance
64453,Vo Ladki,Movie,2024,Romance
64486,Killing Rainbow,Movie,2024,Thriller
64490,Concordia,TV Series,2024,Thriller
64491,Cross,TV Series,2024,Thriller
64493,Band of Spies,TV Series,2024,Thriller
